Sequence,Chirality,Label
TTTCTCCTCTCT,(10;2),N
TTTCTCCTCTCT,(10;3),N
TTTCTCCTCTCT,(11;1),N
TTTCTCCTCTCT,(8;5),N
TTTCTCCTCTCT,(9;6),N
TTTCTCCTCTCT,(9;9),N
TTTCTCCTCTCT,(7;3),N
TTTCTCCTCTCT,(8;5),N
TTTCTCCTCTCT,(11;2),N
TTTCTCCTCTCT,(8;8),N
TTTCTCCTCTCT,(9;7),N
TTTCTCCTCTCT,(11;0),N
TCTTTCCTCTCT,(10;2),N
TCTTTCCTCTCT,(10;3),N
TCTTTCCTCTCT,(11;1),N
TCTTTCCTCTCT,(8;5),N
TCTTTCCTCTCT,(9;6),N
TCTTTCCTCTCT,(9;9),N
TCTTTCCTCTCT,(7;3),N
TCTTTCCTCTCT,(8;5),N
TCTTTCCTCTCT,(11;2),N
TCTTTCCTCTCT,(8;8),N
TCTTTCCTCTCT,(9;7),N
TCTTTCCTCTCT,(11;0),N
TCTCTTCTCTCT,(10;2),N
TCTCTTCTCTCT,(10;3),N
TCTCTTCTCTCT,(11;1),N
TCTCTTCTCTCT,(8;5),N
TCTCTTCTCTCT,(9;6),N
TCTCTTCTCTCT,(9;9),N
TCTCTTCTCTCT,(7;3),N
TCTCTTCTCTCT,(8;5),N
TCTCTTCTCTCT,(11;2),N
TCTCTTCTCTCT,(8;8),N
TCTCTTCTCTCT,(9;7),N
TCTCTTCTCTCT,(11;0),N
TCTCTCTTCTCT,(10;2),N
TCTCTCTTCTCT,(10;3),N
TCTCTCTTCTCT,(11;1),N
TCTCTCTTCTCT,(8;5),N
TCTCTCTTCTCT,(9;6),N
TCTCTCTTCTCT,(9;9),N
TCTCTCTTCTCT,(7;3),N
TCTCTCTTCTCT,(8;5),N
TCTCTCTTCTCT,(11;2),N
TCTCTCTTCTCT,(8;8),N
TCTCTCTTCTCT,(9;7),N
TCTCTCTTCTCT,(11;0),N
TCTCTCCTTTCT,(10;2),N
TCTCTCCTTTCT,(10;3),N
TCTCTCCTTTCT,(11;1),N
TCTCTCCTTTCT,(8;5),N
TCTCTCCTTTCT,(9;6),N
TCTCTCCTTTCT,(9;9),N
TCTCTCCTTTCT,(7;3),N
TCTCTCCTTTCT,(8;5),N
TCTCTCCTTTCT,(11;2),N
TCTCTCCTTTCT,(8;8),N
TCTCTCCTTTCT,(9;7),N
TCTCTCCTTTCT,(11;0),N
TCTCTCCTCTTT,(10;2),N
TCTCTCCTCTTT,(10;3),N
TCTCTCCTCTTT,(11;1),N
TCTCTCCTCTTT,(8;5),N
TCTCTCCTCTTT,(9;6),N
TCTCTCCTCTTT,(9;9),N
TCTCTCCTCTTT,(7;3),N
TCTCTCCTCTTT,(8;5),N
TCTCTCCTCTTT,(11;2),N
TCTCTCCTCTTT,(8;8),N
TCTCTCCTCTTT,(9;7),N
TCTCTCCTCTTT,(11;0),N
CCTCTCCTCTCT,(10;2),N
CCTCTCCTCTCT,(10;3),N
CCTCTCCTCTCT,(11;1),N
CCTCTCCTCTCT,(8;5),N
CCTCTCCTCTCT,(9;6),N
CCTCTCCTCTCT,(9;9),N
CCTCTCCTCTCT,(7;3),N
CCTCTCCTCTCT,(8;5),N
CCTCTCCTCTCT,(11;2),N
CCTCTCCTCTCT,(8;8),N
CCTCTCCTCTCT,(9;7),N
CCTCTCCTCTCT,(11;0),N
TCCCTCCTCTCT,(10;2),N
TCCCTCCTCTCT,(10;3),N
TCCCTCCTCTCT,(11;1),N
TCCCTCCTCTCT,(8;5),N
TCCCTCCTCTCT,(9;6),N
TCCCTCCTCTCT,(9;9),N
TCCCTCCTCTCT,(7;3),N
TCCCTCCTCTCT,(8;5),N
TCCCTCCTCTCT,(11;2),N
TCCCTCCTCTCT,(8;8),N
TCCCTCCTCTCT,(9;7),N
TCCCTCCTCTCT,(11;0),N
TCTCCCCTCTCT,(10;2),N
TCTCCCCTCTCT,(10;3),N
TCTCCCCTCTCT,(11;1),N
TCTCCCCTCTCT,(8;5),N
TCTCCCCTCTCT,(9;6),N
TCTCCCCTCTCT,(9;9),N
TCTCCCCTCTCT,(7;3),N
TCTCCCCTCTCT,(8;5),N
TCTCCCCTCTCT,(11;2),N
TCTCCCCTCTCT,(8;8),N
TCTCCCCTCTCT,(9;7),N
TCTCCCCTCTCT,(11;0),N
TCTCTCCCCTCT,(10;2),N
TCTCTCCCCTCT,(10;3),N
TCTCTCCCCTCT,(11;1),N
TCTCTCCCCTCT,(8;5),N
TCTCTCCCCTCT,(9;6),N
TCTCTCCCCTCT,(9;9),N
TCTCTCCCCTCT,(7;3),N
TCTCTCCCCTCT,(8;5),N
TCTCTCCCCTCT,(11;2),N
TCTCTCCCCTCT,(8;8),N
TCTCTCCCCTCT,(9;7),N
TCTCTCCCCTCT,(11;0),N
TCTCTCCTCCCT,(10;2),Y
TCTCTCCTCCCT,(10;3),N
TCTCTCCTCCCT,(11;1),N
TCTCTCCTCCCT,(8;5),N
TCTCTCCTCCCT,(9;6),N
TCTCTCCTCCCT,(9;9),N
TCTCTCCTCCCT,(7;3),N
TCTCTCCTCCCT,(8;5),N
TCTCTCCTCCCT,(11;2),N
TCTCTCCTCCCT,(8;8),N
TCTCTCCTCCCT,(9;7),N
TCTCTCCTCCCT,(11;0),N
TCTCTCCTCTCC,(10;2),N
TCTCTCCTCTCC,(10;3),N
TCTCTCCTCTCC,(11;1),N
TCTCTCCTCTCC,(8;5),N
TCTCTCCTCTCC,(9;6),N
TCTCTCCTCTCC,(9;9),N
TCTCTCCTCTCC,(7;3),N
TCTCTCCTCTCC,(8;5),N
TCTCTCCTCTCC,(11;2),N
TCTCTCCTCTCC,(8;8),N
TCTCTCCTCTCC,(9;7),N
TCTCTCCTCTCC,(11;0),N
TCCCCCCCCCCC,(10;2),N
TCCCCCCCCCCC,(10;3),N
TCCCCCCCCCCC,(11;1),N
TCCCCCCCCCCC,(8;5),N
TCCCCCCCCCCC,(9;6),N
TCCCCCCCCCCC,(9;9),N
TCCCCCCCCCCC,(7;3),N
TCCCCCCCCCCC,(8;5),N
TCCCCCCCCCCC,(11;2),N
TCCCCCCCCCCC,(8;8),N
TCCCCCCCCCCC,(9;7),N
TCCCCCCCCCCC,(11;0),N
CCCCTCCCCCCC,(10;2),N
CCCCTCCCCCCC,(10;3),N
CCCCTCCCCCCC,(11;1),N
CCCCTCCCCCCC,(8;5),N
CCCCTCCCCCCC,(9;6),N
CCCCTCCCCCCC,(9;9),N
CCCCTCCCCCCC,(7;3),N
CCCCTCCCCCCC,(8;5),N
CCCCTCCCCCCC,(11;2),N
CCCCTCCCCCCC,(8;8),N
CCCCTCCCCCCC,(9;7),N
CCCCTCCCCCCC,(11;0),N
CCCCCTCCCCCC,(10;2),N
CCCCCTCCCCCC,(10;3),Y
CCCCTCCCCCCC,(11;1),N
CCCCTCCCCCCC,(8;5),N
CCCCTCCCCCCC,(9;6),N
CCCCTCCCCCCC,(9;9),N
CCCCTCCCCCCC,(7;3),N
CCCCTCCCCCCC,(8;5),N
CCCCTCCCCCCC,(11;2),N
CCCCTCCCCCCC,(8;8),N
CCCCTCCCCCCC,(9;7),N
CCCCTCCCCCCC,(11;0),N
CCCCCCTCCCCC,(10;2),N
CCCCCCTCCCCC,(10;3),N
CCCCCCTCCCCC,(11;1),N
CCCCCCTCCCCC,(8;5),N
CCCCCCTCCCCC,(9;6),N
CCCCCCTCCCCC,(9;9),N
CCCCCCTCCCCC,(7;3),N
CCCCCCTCCCCC,(8;5),N
CCCCCCTCCCCC,(11;2),N
CCCCCCTCCCCC,(8;8),N
CCCCCCTCCCCC,(9;7),N
CCCCCCTCCCCC,(11;0),N
CCCCCCCTCCCC,(10;2),N
CCCCCCCTCCCC,(10;3),N
CCCCCCCTCCCC,(11;1),N
CCCCCCCTCCCC,(8;5),N
CCCCCCCTCCCC,(9;6),N
CCCCCCCTCCCC,(9;9),N
CCCCCCCTCCCC,(7;3),N
CCCCCCCTCCCC,(8;5),N
CCCCCCCTCCCC,(11;2),N
CCCCCCCTCCCC,(8;8),N
CCCCCCCTCCCC,(9;7),N
CCCCCCCTCCCC,(11;0),N
CCCCCCCCCTCC,(10;2),N
CCCCCCCCCTCC,(10;3),N
CCCCCCCCCTCC,(11;1),N
CCCCCCCCCTCC,(8;5),N
CCCCCCCCCTCC,(9;6),N
CCCCCCCCCTCC,(9;9),N
CCCCCCCCCTCC,(7;3),N
CCCCCCCCCTCC,(8;5),N
CCCCCCCCCTCC,(11;2),N
CCCCCCCCCTCC,(8;8),N
CCCCCCCCCTCC,(9;7),N
CCCCCCCCCTCC,(11;0),N
TTTTTTTTTTTT,(10;2),N
TTTTTTTTTTTT,(10;3),N
TTTTTTTTTTTT,(11;1),N
TTTTTTTTTTTT,(8;5),N
TTTTTTTTTTTT,(9;6),N
TTTTTTTTTTTT,(9;9),N
TTTTTTTTTTTT,(7;3),N
TTTTTTTTTTTT,(8;5),N
TTTTTTTTTTTT,(11;2),N
TTTTTTTTTTTT,(8;8),N
TTTTTTTTTTTT,(9;7),N
TTTTTTTTTTTT,(11;0),N
TTTTTCCTTTTT,(10;2),N
TTTTTCCTTTTT,(10;3),N
TTTTTCCTTTTT,(11;1),N
TTTTTCCTTTTT,(8;5),N
TTTTTCCTTTTT,(9;6),N
TTTTTCCTTTTT,(9;9),N
TTTTTCCTTTTT,(7;3),N
TTTTTCCTTTTT,(8;5),N
TTTTTCCTTTTT,(11;2),N
TTTTTCCTTTTT,(8;8),N
TTTTTCCTTTTT,(9;7),N
TTTTTCCTTTTT,(11;0),N
TTTTCTTCTTTT,(10;2),N
TTTTCTTCTTTT,(10;3),N
TTTTCTTCTTTT,(11;1),N
TTTTCTTCTTTT,(8;5),N
TTTTCTTCTTTT,(9;6),N
TTTTCTTCTTTT,(9;9),N
TTTTCTTCTTTT,(7;3),N
TTTTCTTCTTTT,(8;5),N
TTTTCTTCTTTT,(11;2),N
TTTTCTTCTTTT,(8;8),N
TTTTCTTCTTTT,(9;7),N
TTTTCTTCTTTT,(11;0),N
TTTTCCCCTTTT,(10;2),N
TTTTCCCCTTTT,(10;3),N
TTTTCCCCTTTT,(11;1),Y
TTTTCCCCTTTT,(8;5),N
TTTTCCCCTTTT,(9;6),N
TTTTCCCCTTTT,(9;9),N
TTTTCCCCTTTT,(7;3),N
TTTTCCCCTTTT,(8;5),N
TTTTCCCCTTTT,(11;2),N
TTTTCCCCTTTT,(8;8),N
TTTTCCCCTTTT,(9;7),N
TTTTCCCCTTTT,(11;0),N
TTTCTTTTCTTT,(10;2),N
TTTCTTTTCTTT,(10;3),N
TTTCTTTTCTTT,(11;1),N
TTTCTTTTCTTT,(8;5),N
TTTCTTTTCTTT,(9;6),N
TTTCTTTTCTTT,(9;9),N
TTTCTTTTCTTT,(7;3),N
TTTCTTTTCTTT,(8;5),N
TTTCTTTTCTTT,(11;2),N
TTTCTTTTCTTT,(8;8),N
TTTCTTTTCTTT,(9;7),N
TTTCTTTTCTTT,(11;0),N
TTTCTCCTCTTT,(10;2),N
TTTCTCCTCTTT,(10;3),N
TTTCTCCTCTTT,(11;1),N
TTTCTCCTCTTT,(8;5),N
TTTCTCCTCTTT,(9;6),N
TTTCTCCTCTTT,(9;9),N
TTTCTCCTCTTT,(7;3),N
TTTCTCCTCTTT,(8;5),N
TTTCTCCTCTTT,(11;2),N
TTTCTCCTCTTT,(8;8),N
TTTCTCCTCTTT,(9;7),N
TTTCTCCTCTTT,(11;0),N
TTTCCTTCCTTT,(10;2),N
TTTCCTTCCTTT,(10;3),N
TTTCCTTCCTTT,(11;1),N
TTTCCTTCCTTT,(8;5),N
TTTCCTTCCTTT,(9;6),N
TTTCCTTCCTTT,(9;9),N
TTTCCTTCCTTT,(7;3),N
TTTCCTTCCTTT,(8;5),N
TTTCCTTCCTTT,(11;2),N
TTTCCTTCCTTT,(8;8),N
TTTCCTTCCTTT,(9;7),N
TTTCCTTCCTTT,(11;0),N
TTTCCCCCCTTT,(10;2),N
TTTCCCCCCTTT,(10;3),N
TTTCCCCCCTTT,(11;1),N
TTTCCCCCCTTT,(8;5),N
TTTCCCCCCTTT,(9;6),Y
TTTCCCCCCTTT,(9;9),Y
TTTCCCCCCTTT,(7;3),N
TTTCCCCCCTTT,(8;5),Y
TTTCCCCCCTTT,(11;2),N
TTTCCCCCCTTT,(8;8),N
TTTCCCCCCTTT,(9;7),N
TTTCCCCCCTTT,(11;0),N
TTCTTTTTTCTT,(10;2),N
TTCTTTTTTCTT,(10;3),N
TTCTTTTTTCTT,(11;1),N
TTCTTTTTTCTT,(8;5),N
TTCTTTTTTCTT,(9;6),N
TTCTTTTTTCTT,(9;9),N
TTCTTTTTTCTT,(7;3),N
TTCTTTTTTCTT,(8;5),N
TTCTTTTTTCTT,(11;2),N
TTCTTTTTTCTT,(8;8),N
TTCTTTTTTCTT,(9;7),N
TTCTTTTTTCTT,(11;0),N
TTCTTCCTTCTT,(10;2),N
TTCTTCCTTCTT,(10;3),N
TTCTTCCTTCTT,(11;1),N
TTCTTCCTTCTT,(8;5),N
TTCTTCCTTCTT,(9;6),N
TTCTTCCTTCTT,(9;9),N
TTCTTCCTTCTT,(7;3),N
TTCTTCCTTCTT,(8;5),N
TTCTTCCTTCTT,(11;2),N
TTCTTCCTTCTT,(8;8),N
TTCTTCCTTCTT,(9;7),N
TTCTTCCTTCTT,(11;0),N
TTCTCTTCTCTT,(10;2),N
TTCTCTTCTCTT,(10;3),N
TTCTCTTCTCTT,(11;1),N
TTCTCTTCTCTT,(8;5),N
TTCTCTTCTCTT,(9;6),N
TTCTCTTCTCTT,(9;9),N
TTCTCTTCTCTT,(7;3),N
TTCTCTTCTCTT,(8;5),N
TTCTCTTCTCTT,(11;2),N
TTCTCTTCTCTT,(8;8),N
TTCTCTTCTCTT,(9;7),N
TTCTCTTCTCTT,(11;0),N
TTCTCCCCTCTT,(10;2),N
TTCTCCCCTCTT,(10;3),N
TTCTCCCCTCTT,(11;1),N
TTCTCCCCTCTT,(8;5),N
TTCTCCCCTCTT,(9;6),N
TTCTCCCCTCTT,(9;9),N
TTCTCCCCTCTT,(7;3),N
TTCTCCCCTCTT,(8;5),N
TTCTCCCCTCTT,(11;2),N
TTCTCCCCTCTT,(8;8),N
TTCTCCCCTCTT,(9;7),N
TTCTCCCCTCTT,(11;0),N
TTCCTTTTCCTT,(10;2),N
TTCCTTTTCCTT,(10;3),N
TTCCTTTTCCTT,(11;1),N
TTCCTTTTCCTT,(8;5),N
TTCCTTTTCCTT,(9;6),N
TTCCTTTTCCTT,(9;9),N
TTCCTTTTCCTT,(7;3),N
TTCCTTTTCCTT,(8;5),N
TTCCTTTTCCTT,(11;2),N
TTCCTTTTCCTT,(8;8),N
TTCCTTTTCCTT,(9;7),N
TTCCTTTTCCTT,(11;0),N
TTCCTCCTCCTT,(10;2),N
TTCCTCCTCCTT,(10;3),N
TTCCTCCTCCTT,(11;1),N
TTCCTCCTCCTT,(8;5),N
TTCCTCCTCCTT,(9;6),N
TTCCTCCTCCTT,(9;9),N
TTCCTCCTCCTT,(7;3),N
TTCCTCCTCCTT,(8;5),N
TTCCTCCTCCTT,(11;2),N
TTCCTCCTCCTT,(8;8),N
TTCCTCCTCCTT,(9;7),N
TTCCTCCTCCTT,(11;0),N
TTCCCTTCCCTT,(10;2),N
TTCCCTTCCCTT,(10;3),N
TTCCCTTCCCTT,(11;1),N
TTCCCTTCCCTT,(8;5),N
TTCCCTTCCCTT,(9;6),N
TTCCCTTCCCTT,(9;9),N
TTCCCTTCCCTT,(7;3),N
TTCCCTTCCCTT,(8;5),N
TTCCCTTCCCTT,(11;2),N
TTCCCTTCCCTT,(8;8),N
TTCCCTTCCCTT,(9;7),N
TTCCCTTCCCTT,(11;0),N
TTCCCCCCCCTT,(10;2),N
TTCCCCCCCCTT,(10;3),N
TTCCCCCCCCTT,(11;1),N
TTCCCCCCCCTT,(8;5),N
TTCCCCCCCCTT,(9;6),N
TTCCCCCCCCTT,(9;9),N
TTCCCCCCCCTT,(7;3),N
TTCCCCCCCCTT,(8;5),N
TTCCCCCCCCTT,(11;2),N
TTCCCCCCCCTT,(8;8),N
TTCCCCCCCCTT,(9;7),N
TTCCCCCCCCTT,(11;0),N
TCTTTTTTTTCT,(10;2),N
TCTTTTTTTTCT,(10;3),N
TCTTTTTTTTCT,(11;1),N
TCTTTTTTTTCT,(8;5),N
TCTTTTTTTTCT,(9;6),N
TCTTTTTTTTCT,(9;9),N
TCTTTTTTTTCT,(7;3),N
TCTTTTTTTTCT,(8;5),N
TCTTTTTTTTCT,(11;2),N
TCTTTTTTTTCT,(8;8),N
TCTTTTTTTTCT,(9;7),N
TCTTTTTTTTCT,(11;0),N
TCTTTCCTTTCT,(10;2),N
TCTTTCCTTTCT,(10;3),N
TCTTTCCTTTCT,(11;1),N
TCTTTCCTTTCT,(8;5),N
TCTTTCCTTTCT,(9;6),N
TCTTTCCTTTCT,(9;9),N
TCTTTCCTTTCT,(7;3),N
TCTTTCCTTTCT,(8;5),N
TCTTTCCTTTCT,(11;2),N
TCTTTCCTTTCT,(8;8),N
TCTTTCCTTTCT,(9;7),N
TCTTTCCTTTCT,(11;0),N
TCTTCTTCTTCT,(10;2),N
TCTTCTTCTTCT,(10;3),N
TCTTCTTCTTCT,(11;1),N
TCTTCTTCTTCT,(8;5),N
TCTTCTTCTTCT,(9;6),N
TCTTCTTCTTCT,(9;9),N
TCTTCTTCTTCT,(7;3),N
TCTTCTTCTTCT,(8;5),N
TCTTCTTCTTCT,(11;2),N
TCTTCTTCTTCT,(8;8),N
TCTTCTTCTTCT,(9;7),N
TCTTCTTCTTCT,(11;0),N
TCTTCCCCTTCT,(10;2),N
TCTTCCCCTTCT,(10;3),N
TCTTCCCCTTCT,(11;1),N
TCTTCCCCTTCT,(8;5),N
TCTTCCCCTTCT,(9;6),N
TCTTCCCCTTCT,(9;9),N
TCTTCCCCTTCT,(7;3),N
TCTTCCCCTTCT,(8;5),N
TCTTCCCCTTCT,(11;2),N
TCTTCCCCTTCT,(8;8),N
TCTTCCCCTTCT,(9;7),N
TCTTCCCCTTCT,(11;0),N
TCTCTTTTCTCT,(10;2),N
TCTCTTTTCTCT,(10;3),N
TCTCTTTTCTCT,(11;1),N
TCTCTTTTCTCT,(8;5),N
TCTCTTTTCTCT,(9;6),N
TCTCTTTTCTCT,(9;9),N
TCTCTTTTCTCT,(7;3),N
TCTCTTTTCTCT,(8;5),N
TCTCTTTTCTCT,(11;2),N
TCTCTTTTCTCT,(8;8),N
TCTCTTTTCTCT,(9;7),N
TCTCTTTTCTCT,(11;0),N
TCTCTCCTCTCT,(10;2),N
TCTCTCCTCTCT,(10;3),N
TCTCTCCTCTCT,(11;1),N
TCTCTCCTCTCT,(8;5),N
TCTCTCCTCTCT,(9;6),N
TCTCTCCTCTCT,(9;9),N
TCTCTCCTCTCT,(7;3),Y
TCTCTCCTCTCT,(8;5),N
TCTCTCCTCTCT,(11;2),N
TCTCTCCTCTCT,(8;8),N
TCTCTCCTCTCT,(9;7),N
TCTCTCCTCTCT,(11;0),N
TCTCCTTCCTCT,(10;2),N
TCTCCTTCCTCT,(10;3),N
TCTCCTTCCTCT,(11;1),N
TCTCCTTCCTCT,(8;5),N
TCTCCTTCCTCT,(9;6),N
TCTCCTTCCTCT,(9;9),N
TCTCCTTCCTCT,(7;3),N
TCTCCTTCCTCT,(8;5),N
TCTCCTTCCTCT,(11;2),N
TCTCCTTCCTCT,(8;8),N
TCTCCTTCCTCT,(9;7),N
TCTCCTTCCTCT,(11;0),N
TCTCCCCCCTCT,(10;2),N
TCTCCCCCCTCT,(10;3),N
TCTCCCCCCTCT,(11;1),N
TCTCCCCCCTCT,(8;5),N
TCTCCCCCCTCT,(9;6),N
TCTCCCCCCTCT,(9;9),N
TCTCCCCCCTCT,(7;3),N
TCTCCCCCCTCT,(8;5),N
TCTCCCCCCTCT,(11;2),N
TCTCCCCCCTCT,(8;8),N
TCTCCCCCCTCT,(9;7),N
TCTCCCCCCTCT,(11;0),N
TCCTTTTTTCCT,(10;2),N
TCCTTTTTTCCT,(10;3),N
TCCTTTTTTCCT,(11;1),N
TCCTTTTTTCCT,(8;5),N
TCCTTTTTTCCT,(9;6),N
TCCTTTTTTCCT,(9;9),N
TCCTTTTTTCCT,(7;3),N
TCCTTTTTTCCT,(8;5),N
TCCTTTTTTCCT,(11;2),N
TCCTTTTTTCCT,(8;8),N
TCCTTTTTTCCT,(9;7),N
TCCTTTTTTCCT,(11;0),N
TCCTTCCTTCCT,(10;2),N
TCCTTCCTTCCT,(10;3),N
TCCTTCCTTCCT,(11;1),N
TCCTTCCTTCCT,(8;5),N
TCCTTCCTTCCT,(9;6),N
TCCTTCCTTCCT,(9;9),N
TCCTTCCTTCCT,(7;3),N
TCCTTCCTTCCT,(8;5),N
TCCTTCCTTCCT,(11;2),N
TCCTTCCTTCCT,(8;8),N
TCCTTCCTTCCT,(9;7),N
TCCTTCCTTCCT,(11;0),N
TCCTCTTCTCCT,(10;2),N
TCCTCTTCTCCT,(10;3),N
TCCTCTTCTCCT,(11;1),N
TCCTCTTCTCCT,(8;5),N
TCCTCTTCTCCT,(9;6),N
TCCTCTTCTCCT,(9;9),N
TCCTCTTCTCCT,(7;3),N
TCCTCTTCTCCT,(8;5),N
TCCTCTTCTCCT,(11;2),N
TCCTCTTCTCCT,(8;8),N
TCCTCTTCTCCT,(9;7),N
TCCTCTTCTCCT,(11;0),N
TCCTCCCCTCCT,(10;2),N
TCCTCCCCTCCT,(10;3),N
TCCTCCCCTCCT,(11;1),N
TCCTCCCCTCCT,(8;5),N
TCCTCCCCTCCT,(9;6),N
TCCTCCCCTCCT,(9;9),N
TCCTCCCCTCCT,(7;3),N
TCCTCCCCTCCT,(8;5),N
TCCTCCCCTCCT,(11;2),N
TCCTCCCCTCCT,(8;8),N
TCCTCCCCTCCT,(9;7),N
TCCTCCCCTCCT,(11;0),N
TCCCTTTTCCCT,(10;2),N
TCCCTTTTCCCT,(10;3),N
TCCCTTTTCCCT,(11;1),N
TCCCTTTTCCCT,(8;5),N
TCCCTTTTCCCT,(9;6),N
TCCCTTTTCCCT,(9;9),N
TCCCTTTTCCCT,(7;3),N
TCCCTTTTCCCT,(8;5),N
TCCCTTTTCCCT,(11;2),N
TCCCTTTTCCCT,(8;8),N
TCCCTTTTCCCT,(9;7),N
TCCCTTTTCCCT,(11;0),N
TCCCTCCTCCCT,(10;2),N
TCCCTCCTCCCT,(10;3),N
TCCCTCCTCCCT,(11;1),N
TCCCTCCTCCCT,(8;5),N
TCCCTCCTCCCT,(9;6),N
TCCCTCCTCCCT,(9;9),N
TCCCTCCTCCCT,(7;3),N
TCCCTCCTCCCT,(8;5),N
TCCCTCCTCCCT,(11;2),N
TCCCTCCTCCCT,(8;8),N
TCCCTCCTCCCT,(9;7),N
TCCCTCCTCCCT,(11;0),N
TCCCCTTCCCCT,(10;2),N
TCCCCTTCCCCT,(10;3),N
TCCCCTTCCCCT,(11;1),N
TCCCCTTCCCCT,(8;5),N
TCCCCTTCCCCT,(9;6),N
TCCCCTTCCCCT,(9;9),N
TCCCCTTCCCCT,(7;3),N
TCCCCTTCCCCT,(8;5),N
TCCCCTTCCCCT,(11;2),N
TCCCCTTCCCCT,(8;8),N
TCCCCTTCCCCT,(9;7),N
TCCCCTTCCCCT,(11;0),N
TCCCCCCCCCCT,(10;2),N
TCCCCCCCCCCT,(10;3),N
TCCCCCCCCCCT,(11;1),N
TCCCCCCCCCCT,(8;5),Y
TCCCCCCCCCCT,(9;6),N
TCCCCCCCCCCT,(9;9),N
TCCCCCCCCCCT,(7;3),N
TCCCCCCCCCCT,(8;5),N
TCCCCCCCCCCT,(11;2),N
TCCCCCCCCCCT,(8;8),N
TCCCCCCCCCCT,(9;7),N
TCCCCCCCCCCT,(11;0),N
CTTTTTTTTTTC,(10;2),N
CTTTTTTTTTTC,(10;3),N
CTTTTTTTTTTC,(11;1),N
CTTTTTTTTTTC,(8;5),N
CTTTTTTTTTTC,(9;6),N
CTTTTTTTTTTC,(9;9),N
CTTTTTTTTTTC,(7;3),N
CTTTTTTTTTTC,(8;5),N
CTTTTTTTTTTC,(11;2),N
CTTTTTTTTTTC,(8;8),N
CTTTTTTTTTTC,(9;7),N
CTTTTTTTTTTC,(11;0),N
CTTTTCCTTTTC,(10;2),N
CTTTTCCTTTTC,(10;3),N
CTTTTCCTTTTC,(11;1),N
CTTTTCCTTTTC,(8;5),N
CTTTTCCTTTTC,(9;6),N
CTTTTCCTTTTC,(9;9),N
CTTTTCCTTTTC,(7;3),N
CTTTTCCTTTTC,(8;5),N
CTTTTCCTTTTC,(11;2),N
CTTTTCCTTTTC,(8;8),N
CTTTTCCTTTTC,(9;7),N
CTTTTCCTTTTC,(11;0),N
CTTTCTTCTTTC,(10;2),N
CTTTCTTCTTTC,(10;3),N
CTTTCTTCTTTC,(11;1),N
CTTTCTTCTTTC,(8;5),N
CTTTCTTCTTTC,(9;6),N
CTTTCTTCTTTC,(9;9),N
CTTTCTTCTTTC,(7;3),N
CTTTCTTCTTTC,(8;5),N
CTTTCTTCTTTC,(11;2),N
CTTTCTTCTTTC,(8;8),N
CTTTCTTCTTTC,(9;7),N
CTTTCTTCTTTC,(11;0),N
CTTTCCCCTTTC,(10;2),N
CTTTCCCCTTTC,(10;3),N
CTTTCCCCTTTC,(11;1),N
CTTTCCCCTTTC,(8;5),N
CTTTCCCCTTTC,(9;6),N
CTTTCCCCTTTC,(9;9),N
CTTTCCCCTTTC,(7;3),N
CTTTCCCCTTTC,(8;5),N
CTTTCCCCTTTC,(11;2),N
CTTTCCCCTTTC,(8;8),N
CTTTCCCCTTTC,(9;7),N
CTTTCCCCTTTC,(11;0),N
CTTCTTTTCTTC,(10;2),N
CTTCTTTTCTTC,(10;3),N
CTTCTTTTCTTC,(11;1),N
CTTCTTTTCTTC,(8;5),N
CTTCTTTTCTTC,(9;6),N
CTTCTTTTCTTC,(9;9),N
CTTCTTTTCTTC,(7;3),N
CTTCTTTTCTTC,(8;5),N
CTTCTTTTCTTC,(11;2),N
CTTCTTTTCTTC,(8;8),N
CTTCTTTTCTTC,(9;7),N
CTTCTTTTCTTC,(11;0),N
CTTCTCCTCTTC,(10;2),N
CTTCTCCTCTTC,(10;3),N
CTTCTCCTCTTC,(11;1),N
CTTCTCCTCTTC,(8;5),N
CTTCTCCTCTTC,(9;6),N
CTTCTCCTCTTC,(9;9),N
CTTCTCCTCTTC,(7;3),N
CTTCTCCTCTTC,(8;5),N
CTTCTCCTCTTC,(11;2),N
CTTCTCCTCTTC,(8;8),N
CTTCTCCTCTTC,(9;7),N
CTTCTCCTCTTC,(11;0),N
CTTCCTTCCTTC,(10;2),N
CTTCCTTCCTTC,(10;3),N
CTTCCTTCCTTC,(11;1),N
CTTCCTTCCTTC,(8;5),N
CTTCCTTCCTTC,(9;6),N
CTTCCTTCCTTC,(9;9),N
CTTCCTTCCTTC,(7;3),N
CTTCCTTCCTTC,(8;5),N
CTTCCTTCCTTC,(11;2),N
CTTCCTTCCTTC,(8;8),N
CTTCCTTCCTTC,(9;7),N
CTTCCTTCCTTC,(11;0),N
CTTCCCCCCTTC,(10;2),N
CTTCCCCCCTTC,(10;3),N
CTTCCCCCCTTC,(11;1),N
CTTCCCCCCTTC,(8;5),N
CTTCCCCCCTTC,(9;6),N
CTTCCCCCCTTC,(9;9),N
CTTCCCCCCTTC,(7;3),N
CTTCCCCCCTTC,(8;5),N
CTTCCCCCCTTC,(11;2),Y
CTTCCCCCCTTC,(8;8),N
CTTCCCCCCTTC,(9;7),N
CTTCCCCCCTTC,(11;0),N
CTCTTTTTTCTC,(10;2),N
CTCTTTTTTCTC,(10;3),N
CTCTTTTTTCTC,(11;1),N
CTCTTTTTTCTC,(8;5),N
CTCTTTTTTCTC,(9;6),N
CTCTTTTTTCTC,(9;9),N
CTCTTTTTTCTC,(7;3),N
CTCTTTTTTCTC,(8;5),N
CTCTTTTTTCTC,(11;2),N
CTCTTTTTTCTC,(8;8),N
CTCTTTTTTCTC,(9;7),N
CTCTTTTTTCTC,(11;0),N
CTCTTCCTTCTC,(10;2),N
CTCTTCCTTCTC,(10;3),N
CTCTTCCTTCTC,(11;1),N
CTCTTCCTTCTC,(8;5),N
CTCTTCCTTCTC,(9;6),N
CTCTTCCTTCTC,(9;9),N
CTCTTCCTTCTC,(7;3),N
CTCTTCCTTCTC,(8;5),N
CTCTTCCTTCTC,(11;2),N
CTCTTCCTTCTC,(8;8),N
CTCTTCCTTCTC,(9;7),N
CTCTTCCTTCTC,(11;0),N
CTCTCTTCTCTC,(10;2),N
CTCTCTTCTCTC,(10;3),N
CTCTCTTCTCTC,(11;1),N
CTCTCTTCTCTC,(8;5),N
CTCTCTTCTCTC,(9;6),N
CTCTCTTCTCTC,(9;9),N
CTCTCTTCTCTC,(7;3),N
CTCTCTTCTCTC,(8;5),N
CTCTCTTCTCTC,(11;2),N
CTCTCTTCTCTC,(8;8),N
CTCTCTTCTCTC,(9;7),N
CTCTCTTCTCTC,(11;0),N
CTCTCCCCTCTC,(10;2),N
CTCTCCCCTCTC,(10;3),N
CTCTCCCCTCTC,(11;1),N
CTCTCCCCTCTC,(8;5),N
CTCTCCCCTCTC,(9;6),N
CTCTCCCCTCTC,(9;9),N
CTCTCCCCTCTC,(7;3),N
CTCTCCCCTCTC,(8;5),N
CTCTCCCCTCTC,(11;2),N
CTCTCCCCTCTC,(8;8),N
CTCTCCCCTCTC,(9;7),N
CTCTCCCCTCTC,(11;0),N
CTCCTTTTCCTC,(10;2),N
CTCCTTTTCCTC,(10;3),N
CTCCTTTTCCTC,(11;1),N
CTCCTTTTCCTC,(8;5),N
CTCCTTTTCCTC,(9;6),N
CTCCTTTTCCTC,(9;9),N
CTCCTTTTCCTC,(7;3),N
CTCCTTTTCCTC,(8;5),N
CTCCTTTTCCTC,(11;2),N
CTCCTTTTCCTC,(8;8),N
CTCCTTTTCCTC,(9;7),N
CTCCTTTTCCTC,(11;0),N
CTCCTCCTCCTC,(10;2),N
CTCCTCCTCCTC,(10;3),N
CTCCTCCTCCTC,(11;1),N
CTCCTCCTCCTC,(8;5),N
CTCCTCCTCCTC,(9;6),N
CTCCTCCTCCTC,(9;9),N
CTCCTCCTCCTC,(7;3),N
CTCCTCCTCCTC,(8;5),N
CTCCTCCTCCTC,(11;2),N
CTCCTCCTCCTC,(8;8),N
CTCCTCCTCCTC,(9;7),N
CTCCTCCTCCTC,(11;0),N
CTCCCTTCCCTC,(10;2),N
CTCCCTTCCCTC,(10;3),N
CTCCCTTCCCTC,(11;1),N
CTCCCTTCCCTC,(8;5),N
CTCCCTTCCCTC,(9;6),N
CTCCCTTCCCTC,(9;9),N
CTCCCTTCCCTC,(7;3),N
CTCCCTTCCCTC,(8;5),N
CTCCCTTCCCTC,(11;2),N
CTCCCTTCCCTC,(8;8),N
CTCCCTTCCCTC,(9;7),N
CTCCCTTCCCTC,(11;0),N
CTCCCCCCCCTC,(10;2),N
CTCCCCCCCCTC,(10;3),N
CTCCCCCCCCTC,(11;1),N
CTCCCCCCCCTC,(8;5),N
CTCCCCCCCCTC,(9;6),N
CTCCCCCCCCTC,(9;9),N
CTCCCCCCCCTC,(7;3),N
CTCCCCCCCCTC,(8;5),N
CTCCCCCCCCTC,(11;2),N
CTCCCCCCCCTC,(8;8),N
CTCCCCCCCCTC,(9;7),N
CTCCCCCCCCTC,(11;0),N
CCTTTTTTTTCC,(10;2),N
CCTTTTTTTTCC,(10;3),N
CCTTTTTTTTCC,(11;1),N
CCTTTTTTTTCC,(8;5),N
CCTTTTTTTTCC,(9;6),N
CCTTTTTTTTCC,(9;9),N
CCTTTTTTTTCC,(7;3),N
CCTTTTTTTTCC,(8;5),N
CCTTTTTTTTCC,(11;2),N
CCTTTTTTTTCC,(8;8),N
CCTTTTTTTTCC,(9;7),N
CCTTTTTTTTCC,(11;0),N
CCTTTCCTTTCC,(10;2),N
CCTTTCCTTTCC,(10;3),N
CCTTTCCTTTCC,(11;1),N
CCTTTCCTTTCC,(8;5),N
CCTTTCCTTTCC,(9;6),N
CCTTTCCTTTCC,(9;9),N
CCTTTCCTTTCC,(7;3),N
CCTTTCCTTTCC,(8;5),N
CCTTTCCTTTCC,(11;2),N
CCTTTCCTTTCC,(8;8),N
CCTTTCCTTTCC,(9;7),N
CCTTTCCTTTCC,(11;0),N
CCTTCTTCTTCC,(10;2),N
CCTTCTTCTTCC,(10;3),N
CCTTCTTCTTCC,(11;1),N
CCTTCTTCTTCC,(8;5),N
CCTTCTTCTTCC,(9;6),N
CCTTCTTCTTCC,(9;9),N
CCTTCTTCTTCC,(7;3),N
CCTTCTTCTTCC,(8;5),N
CCTTCTTCTTCC,(11;2),N
CCTTCTTCTTCC,(8;8),N
CCTTCTTCTTCC,(9;7),N
CCTTCTTCTTCC,(11;0),N
CCTCTTTTCTCC,(10;2),N
CCTCTTTTCTCC,(10;3),N
CCTCTTTTCTCC,(11;1),N
CCTCTTTTCTCC,(8;5),N
CCTCTTTTCTCC,(9;6),N
CCTCTTTTCTCC,(9;9),N
CCTCTTTTCTCC,(7;3),N
CCTCTTTTCTCC,(8;5),N
CCTCTTTTCTCC,(11;2),N
CCTCTTTTCTCC,(8;8),N
CCTCTTTTCTCC,(9;7),N
CCTCTTTTCTCC,(11;0),N
CCTCTCCTCTCC,(10;2),N
CCTCTCCTCTCC,(10;3),N
CCTCTCCTCTCC,(11;1),N
CCTCTCCTCTCC,(8;5),N
CCTCTCCTCTCC,(9;6),N
CCTCTCCTCTCC,(9;9),N
CCTCTCCTCTCC,(7;3),N
CCTCTCCTCTCC,(8;5),N
CCTCTCCTCTCC,(11;2),N
CCTCTCCTCTCC,(8;8),N
CCTCTCCTCTCC,(9;7),N
CCTCTCCTCTCC,(11;0),N
CCTCCTTCCTCC,(10;2),N
CCTCCTTCCTCC,(10;3),N
CCTCCTTCCTCC,(11;1),N
CCTCCTTCCTCC,(8;5),N
CCTCCTTCCTCC,(9;6),N
CCTCCTTCCTCC,(9;9),N
CCTCCTTCCTCC,(7;3),N
CCTCCTTCCTCC,(8;5),N
CCTCCTTCCTCC,(11;2),N
CCTCCTTCCTCC,(8;8),N
CCTCCTTCCTCC,(9;7),N
CCTCCTTCCTCC,(11;0),N
CCTCCCCCCTCC,(10;2),N
CCTCCCCCCTCC,(10;3),N
CCTCCCCCCTCC,(11;1),N
CCTCCCCCCTCC,(8;5),N
CCTCCCCCCTCC,(9;6),N
CCTCCCCCCTCC,(9;9),N
CCTCCCCCCTCC,(7;3),N
CCTCCCCCCTCC,(8;5),N
CCTCCCCCCTCC,(11;2),N
CCTCCCCCCTCC,(8;8),N
CCTCCCCCCTCC,(9;7),N
CCTCCCCCCTCC,(11;0),N
CCCTTTTTTCCC,(10;2),N
CCCTTTTTTCCC,(10;3),N
CCCTTTTTTCCC,(11;1),N
CCCTTTTTTCCC,(8;5),N
CCCTTTTTTCCC,(9;6),N
CCCTTTTTTCCC,(9;9),N
CCCTTTTTTCCC,(7;3),N
CCCTTTTTTCCC,(8;5),N
CCCTTTTTTCCC,(11;2),N
CCCTTTTTTCCC,(8;8),N
CCCTTTTTTCCC,(9;7),N
CCCTTTTTTCCC,(11;0),N
CCCTTCCTTCCC,(10;2),N
CCCTTCCTTCCC,(10;3),N
CCCTTCCTTCCC,(11;1),N
CCCTTCCTTCCC,(8;5),N
CCCTTCCTTCCC,(9;6),N
CCCTTCCTTCCC,(9;9),N
CCCTTCCTTCCC,(7;3),N
CCCTTCCTTCCC,(8;5),N
CCCTTCCTTCCC,(11;2),N
CCCTTCCTTCCC,(8;8),N
CCCTTCCTTCCC,(9;7),N
CCCTTCCTTCCC,(11;0),N
CCCTCTTCTCCC,(10;2),N
CCCTCTTCTCCC,(10;3),N
CCCTCTTCTCCC,(11;1),N
CCCTCTTCTCCC,(8;5),N
CCCTCTTCTCCC,(9;6),N
CCCTCTTCTCCC,(9;9),N
CCCTCTTCTCCC,(7;3),N
CCCTCTTCTCCC,(8;5),N
CCCTCTTCTCCC,(11;2),N
CCCTCTTCTCCC,(8;8),N
CCCTCTTCTCCC,(9;7),N
CCCTCTTCTCCC,(11;0),N
CCCTCCCCTCCC,(10;2),N
CCCTCCCCTCCC,(10;3),N
CCCTCCCCTCCC,(11;1),N
CCCTCCCCTCCC,(8;5),N
CCCTCCCCTCCC,(9;6),N
CCCTCCCCTCCC,(9;9),N
CCCTCCCCTCCC,(7;3),N
CCCTCCCCTCCC,(8;5),N
CCCTCCCCTCCC,(11;2),N
CCCTCCCCTCCC,(8;8),N
CCCTCCCCTCCC,(9;7),N
CCCTCCCCTCCC,(11;0),N
CCCCTTTTCCCC,(10;2),N
CCCCTTTTCCCC,(10;3),N
CCCCTTTTCCCC,(11;1),N
CCCCTTTTCCCC,(8;5),N
CCCCTTTTCCCC,(9;6),N
CCCCTTTTCCCC,(9;9),N
CCCCTTTTCCCC,(7;3),N
CCCCTTTTCCCC,(8;5),N
CCCCTTTTCCCC,(11;2),N
CCCCTTTTCCCC,(8;8),N
CCCCTTTTCCCC,(9;7),N
CCCCTTTTCCCC,(11;0),N
CCCCTCCTCCCC,(10;2),N
CCCCTCCTCCCC,(10;3),N
CCCCTCCTCCCC,(11;1),N
CCCCTCCTCCCC,(8;5),N
CCCCTCCTCCCC,(9;6),N
CCCCTCCTCCCC,(9;9),N
CCCCTCCTCCCC,(7;3),N
CCCCTCCTCCCC,(8;5),N
CCCCTCCTCCCC,(11;2),N
CCCCTCCTCCCC,(8;8),N
CCCCTCCTCCCC,(9;7),N
CCCCTCCTCCCC,(11;0),N
CCCCCTTCCCCC,(10;2),N
CCCCCTTCCCCC,(10;3),N
CCCCCTTCCCCC,(11;1),N
CCCCCTTCCCCC,(8;5),N
CCCCCTTCCCCC,(9;6),N
CCCCCTTCCCCC,(9;9),N
CCCCCTTCCCCC,(7;3),N
CCCCCTTCCCCC,(8;5),N
CCCCCTTCCCCC,(11;2),N
CCCCCTTCCCCC,(8;8),Y
CCCCCTTCCCCC,(9;7),Y
CCCCCTTCCCCC,(11;0),N
CCCCCCCCCCCC,(10;2),N
CCCCCCCCCCCC,(10;3),N
CCCCCCCCCCCC,(11;1),N
CCCCCCCCCCCC,(8;5),N
CCCCCCCCCCCC,(9;6),N
CCCCCCCCCCCC,(9;9),N
CCCCCCCCCCCC,(7;3),N
CCCCCCCCCCCC,(8;5),N
CCCCCCCCCCCC,(11;2),N
CCCCCCCCCCCC,(8;8),N
CCCCCCCCCCCC,(9;7),N
CCCCCCCCCCCC,(11;0),Y

